{
	"Regression": false,
	"NNodes": [
		3,
		5,
		5,
		1
	],
	"Activations": [
		[
			1,
			0,
			1
		],
		[
			0.46756360219914306,
			0.295139863128569,
			1.0114730939165573,
			0,
			1
		],
		[
			0,
			0.31028764634015465,
			0,
			0.5708610951108674,
			1
		],
		[
			0.9342540988636737
		]
	],
	"Weights": [
		[
			[
				0.8903922985882329,
				-0.5100698294124405,
				0.31191253039081035,
				-0.8913123208005992,
				-0.26482558673508294
			],
			[
				-0.42103913368681445,
				-0.6151227806501357,
				0.31066430162966485,
				0.794339426299602,
				-0.6652911148818833
			],
			[
				-0.4228286963890898,
				0.8052096925410095,
				0.6995605635257469,
				-0.45390639057303417,
				0.21816038398071225
			]
		],
		[
			[
				-0.49268798711432626,
				0.5493084783719606,
				-0.9650384756867054,
				0.5741479126079885,
				0.598787395918909
			],
			[
				-0.28718291656953987,
				-0.1476158906456415,
				0.02048466576376251,
				-0.5191361934278312,
				-0.5815962537435286
			],
			[
				0.3861400880152521,
				-0.19620421483932138,
				-0.43035177811592595,
				0.366793169640905,
				-0.12492557212890454
			],
			[
				-0.7919703294758337,
				-0.3680629983976986,
				-0.6974127872682505,
				0.46268379325609743,
				-0.3716654563455375
			],
			[
				-0.26305059918812024,
				0.29547361345778445,
				-0.28071339536585616,
				0.08462679184598709,
				-0.9636649021013175
			]
		],
		[
			[
				-18.08703984001827
			],
			[
				1.9139146276003458
			],
			[
				0.5119704194861152
			],
			[
				7.908250640185951
			],
			[
				-2.4544255592579676
			]
		]
	],
	"Changes": [
		[
			[
				0,
				0,
				0,
				0,
				0
			],
			[
				0,
				0,
				0,
				0,
				0
			],
			[
				0,
				0,
				0,
				0,
				0
			]
		],
		[
			[
				0,
				0,
				0,
				0,
				0
			],
			[
				0,
				0,
				0,
				0,
				0
			],
			[
				0,
				0,
				0,
				0,
				0
			],
			[
				0,
				0,
				0,
				0,
				0
			],
			[
				0,
				0,
				0,
				0,
				0
			]
		],
		[
			[
				0.004735863551105736
			],
			[
				0.0012995707771754994
			],
			[
				0
			],
			[
				0.01257559987825946
			],
			[
				0.021089749174788754
			]
		]
	]
}